DATAFLOW,LAST UPDATE,freq,nrg_bal,siec,unit,geo,TIME_PERIOD,OBS_VALUE,OBS_FLAG
ESTAT:NRG_BAL_SD(1.0),06/02/24 23:00:00,Annual,Available from all sources,Electricity,Thousand tonnes of oil equivalent,Belgium,2021,1306.4,
ESTAT:NRG_BAL_SD(1.0),06/02/24 23:00:00,Annual,Available from all sources,Electricity,Thousand tonnes of oil equivalent,Belgium,2022,1405.8,
ESTAT:NRG_BAL_SD(1.0),06/02/24 23:00:00,Annual,Available from all sources,Electricity,Thousand tonnes of oil equivalent,Bulgaria,2021,193.1,
ESTAT:NRG_BAL_SD(1.0),06/02/24 23:00:00,Annual,Available from all sources,Electricity,Thousand tonnes of oil equivalent,Bulgaria,2022,197.1,
ESTAT:NRG_BAL_SD(1.0),06/02/24 23:00:00,Annual,Available after transformation,Electricity,Thousand tonnes of oil equivalent,Belgium,2021,9839.1,
ESTAT:NRG_BAL_SD(1.0),06/02/24 23:00:00,Annual,Available after transformation,Electricity,Thousand tonnes of oil equivalent,Belgium,2022,9495.8,
ESTAT:NRG_BAL_SD(1.0),06/02/24 23:00:00,Annual,Available after transformation,Electricity,Thousand tonnes of oil equivalent,Bulgaria,2021,4250.8,
ESTAT:NRG_BAL_SD(1.0),06/02/24 23:00:00,Annual,Available after transformation,Electricity,Thousand tonnes of oil equivalent,Bulgaria,2022,4535,
ESTAT:NRG_BAL_SD(1.0),06/02/24 23:00:00,Annual,Distribution losses,Electricity,Thousand tonnes of oil equivalent,Belgium,2021,310.1,
ESTAT:NRG_BAL_SD(1.0),06/02/24 23:00:00,Annual,Distribution losses,Electricity,Thousand tonnes of oil equivalent,Belgium,2022,288.6,
ESTAT:NRG_BAL_SD(1.0),06/02/24 23:00:00,Annual,Distribution losses,Electricity,Thousand tonnes of oil equivalent,Bulgaria,2021,223.8,
ESTAT:NRG_BAL_SD(1.0),06/02/24 23:00:00,Annual,Distribution losses,Electricity,Thousand tonnes of oil equivalent,Bulgaria,2022,215.9,
ESTAT:NRG_BAL_SD(1.0),06/02/24 23:00:00,Annual,Exports,Electricity,Thousand tonnes of oil equivalent,Belgium,2021,1983.7,
ESTAT:NRG_BAL_SD(1.0),06/02/24 23:00:00,Annual,Exports,Electricity,Thousand tonnes of oil equivalent,Belgium,2022,2053.1,
ESTAT:NRG_BAL_SD(1.0),06/02/24 23:00:00,Annual,Exports,Electricity,Thousand tonnes of oil equivalent,Bulgaria,2021,914.5,
ESTAT:NRG_BAL_SD(1.0),06/02/24 23:00:00,Annual,Exports,Electricity,Thousand tonnes of oil equivalent,Bulgaria,2022,1174.9,
ESTAT:NRG_BAL_SD(1.0),06/02/24 23:00:00,Annual,Final consumption,Electricity,Thousand tonnes of oil equivalent,Belgium,2021,6995.9,
ESTAT:NRG_BAL_SD(1.0),06/02/24 23:00:00,Annual,Final consumption,Electricity,Thousand tonnes of oil equivalent,Belgium,2022,6582.7,
ESTAT:NRG_BAL_SD(1.0),06/02/24 23:00:00,Annual,Final consumption,Electricity,Thousand tonnes of oil equivalent,Bulgaria,2021,2662.9,
ESTAT:NRG_BAL_SD(1.0),06/02/24 23:00:00,Annual,Final consumption,Electricity,Thousand tonnes of oil equivalent,Bulgaria,2022,2641.4,
ESTAT:NRG_BAL_SD(1.0),06/02/24 23:00:00,Annual,Final consumption - energy use,Electricity,Thousand tonnes of oil equivalent,Belgium,2021,6995.9,
ESTAT:NRG_BAL_SD(1.0),06/02/24 23:00:00,Annual,Final consumption - energy use,Electricity,Thousand tonnes of oil equivalent,Belgium,2022,6582.7,
ESTAT:NRG_BAL_SD(1.0),06/02/24 23:00:00,Annual,Final consumption - energy use,Electricity,Thousand tonnes of oil equivalent,Bulgaria,2021,2662.9,
ESTAT:NRG_BAL_SD(1.0),06/02/24 23:00:00,Annual,Final consumption - energy use,Electricity,Thousand tonnes of oil equivalent,Bulgaria,2022,2641.4,
ESTAT:NRG_BAL_SD(1.0),06/02/24 23:00:00,Annual,Final consumption - industry sector - construction - energy use,Electricity,Thousand tonnes of oil equivalent,Belgium,2021,84.9,
ESTAT:NRG_BAL_SD(1.0),06/02/24 23:00:00,Annual,Final consumption - industry sector - construction - energy use,Electricity,Thousand tonnes of oil equivalent,Belgium,2022,78.7,
ESTAT:NRG_BAL_SD(1.0),06/02/24 23:00:00,Annual,Final consumption - industry sector - construction - energy use,Electricity,Thousand tonnes of oil equivalent,Bulgaria,2021,20.7,
ESTAT:NRG_BAL_SD(1.0),06/02/24 23:00:00,Annual,Final consumption - industry sector - construction - energy use,Electricity,Thousand tonnes of oil equivalent,Bulgaria,2022,18.9,
ESTAT:NRG_BAL_SD(1.0),06/02/24 23:00:00,Annual,Final consumption - industry sector - chemical and petrochemical - energy use,Electricity,Thousand tonnes of oil equivalent,Belgium,2021,1266.1,
ESTAT:NRG_BAL_SD(1.0),06/02/24 23:00:00,Annual,Final consumption - industry sector - chemical and petrochemical - energy use,Electricity,Thousand tonnes of oil equivalent,Belgium,2022,1211.7,
ESTAT:NRG_BAL_SD(1.0),06/02/24 23:00:00,Annual,Final consumption - industry sector - chemical and petrochemical - energy use,Electricity,Thousand tonnes of oil equivalent,Bulgaria,2021,116,
ESTAT:NRG_BAL_SD(1.0),06/02/24 23:00:00,Annual,Final consumption - industry sector - chemical and petrochemical - energy use,Electricity,Thousand tonnes of oil equivalent,Bulgaria,2022,119.3,
ESTAT:NRG_BAL_SD(1.0),06/02/24 23:00:00,Annual,Final consumption - industry sector - energy use,Electricity,Thousand tonnes of oil equivalent,Belgium,2021,3287.5,
ESTAT:NRG_BAL_SD(1.0),06/02/24 23:00:00,Annual,Final consumption - industry sector - energy use,Electricity,Thousand tonnes of oil equivalent,Belgium,2022,3203.2,
ESTAT:NRG_BAL_SD(1.0),06/02/24 23:00:00,Annual,Final consumption - industry sector - energy use,Electricity,Thousand tonnes of oil equivalent,Bulgaria,2021,833.5,
ESTAT:NRG_BAL_SD(1.0),06/02/24 23:00:00,Annual,Final consumption - industry sector - energy use,Electricity,Thousand tonnes of oil equivalent,Bulgaria,2022,826.2,
ESTAT:NRG_BAL_SD(1.0),06/02/24 23:00:00,Annual,"Final consumption - industry sector - food, beverages and tobacco - energy use",Electricity,Thousand tonnes of oil equivalent,Belgium,2021,518.2,
ESTAT:NRG_BAL_SD(1.0),06/02/24 23:00:00,Annual,"Final consumption - industry sector - food, beverages and tobacco - energy use",Electricity,Thousand tonnes of oil equivalent,Belgium,2022,510.7,
ESTAT:NRG_BAL_SD(1.0),06/02/24 23:00:00,Annual,"Final consumption - industry sector - food, beverages and tobacco - energy use",Electricity,Thousand tonnes of oil equivalent,Bulgaria,2021,104.7,
ESTAT:NRG_BAL_SD(1.0),06/02/24 23:00:00,Annual,"Final consumption - industry sector - food, beverages and tobacco - energy use",Electricity,Thousand tonnes of oil equivalent,Bulgaria,2022,111.4,
ESTAT:NRG_BAL_SD(1.0),06/02/24 23:00:00,Annual,Final consumption - industry sector - iron and steel - energy use,Electricity,Thousand tonnes of oil equivalent,Belgium,2021,367.7,
ESTAT:NRG_BAL_SD(1.0),06/02/24 23:00:00,Annual,Final consumption - industry sector - iron and steel - energy use,Electricity,Thousand tonnes of oil equivalent,Belgium,2022,379.1,
ESTAT:NRG_BAL_SD(1.0),06/02/24 23:00:00,Annual,Final consumption - industry sector - iron and steel - energy use,Electricity,Thousand tonnes of oil equivalent,Bulgaria,2021,60.7,
ESTAT:NRG_BAL_SD(1.0),06/02/24 23:00:00,Annual,Final consumption - industry sector - iron and steel - energy use,Electricity,Thousand tonnes of oil equivalent,Bulgaria,2022,55.3,
ESTAT:NRG_BAL_SD(1.0),06/02/24 23:00:00,Annual,Final consumption - industry sector - machinery - energy use,Electricity,Thousand tonnes of oil equivalent,Belgium,2021,126.3,
ESTAT:NRG_BAL_SD(1.0),06/02/24 23:00:00,Annual,Final consumption - industry sector - machinery - energy use,Electricity,Thousand tonnes of oil equivalent,Belgium,2022,134.6,
ESTAT:NRG_BAL_SD(1.0),06/02/24 23:00:00,Annual,Final consumption - industry sector - machinery - energy use,Electricity,Thousand tonnes of oil equivalent,Bulgaria,2021,84.5,
ESTAT:NRG_BAL_SD(1.0),06/02/24 23:00:00,Annual,Final consumption - industry sector - machinery - energy use,Electricity,Thousand tonnes of oil equivalent,Bulgaria,2022,83.8,
ESTAT:NRG_BAL_SD(1.0),06/02/24 23:00:00,Annual,Final consumption - industry sector - mining and quarrying - energy use,Electricity,Thousand tonnes of oil equivalent,Belgium,2021,36.4,
ESTAT:NRG_BAL_SD(1.0),06/02/24 23:00:00,Annual,Final consumption - industry sector - mining and quarrying - energy use,Electricity,Thousand tonnes of oil equivalent,Belgium,2022,37.1,
ESTAT:NRG_BAL_SD(1.0),06/02/24 23:00:00,Annual,Final consumption - industry sector - mining and quarrying - energy use,Electricity,Thousand tonnes of oil equivalent,Bulgaria,2021,102.8,
ESTAT:NRG_BAL_SD(1.0),06/02/24 23:00:00,Annual,Final consumption - industry sector - mining and quarrying - energy use,Electricity,Thousand tonnes of oil equivalent,Bulgaria,2022,101,
ESTAT:NRG_BAL_SD(1.0),06/02/24 23:00:00,Annual,Final consumption - industry sector - non-ferrous metals - energy use,Electricity,Thousand tonnes of oil equivalent,Belgium,2021,178.8,
ESTAT:NRG_BAL_SD(1.0),06/02/24 23:00:00,Annual,Final consumption - industry sector - non-ferrous metals - energy use,Electricity,Thousand tonnes of oil equivalent,Belgium,2022,168,
ESTAT:NRG_BAL_SD(1.0),06/02/24 23:00:00,Annual,Final consumption - industry sector - non-ferrous metals - energy use,Electricity,Thousand tonnes of oil equivalent,Bulgaria,2021,92.3,
ESTAT:NRG_BAL_SD(1.0),06/02/24 23:00:00,Annual,Final consumption - industry sector - non-ferrous metals - energy use,Electricity,Thousand tonnes of oil equivalent,Bulgaria,2022,93.3,
ESTAT:NRG_BAL_SD(1.0),06/02/24 23:00:00,Annual,Final consumption - industry sector - non-metallic minerals - energy use,Electricity,Thousand tonnes of oil equivalent,Belgium,2021,180.2,
ESTAT:NRG_BAL_SD(1.0),06/02/24 23:00:00,Annual,Final consumption - industry sector - non-metallic minerals - energy use,Electricity,Thousand tonnes of oil equivalent,Belgium,2022,205.4,
ESTAT:NRG_BAL_SD(1.0),06/02/24 23:00:00,Annual,Final consumption - industry sector - non-metallic minerals - energy use,Electricity,Thousand tonnes of oil equivalent,Bulgaria,2021,85.1,
ESTAT:NRG_BAL_SD(1.0),06/02/24 23:00:00,Annual,Final consumption - industry sector - non-metallic minerals - energy use,Electricity,Thousand tonnes of oil equivalent,Bulgaria,2022,80.3,
ESTAT:NRG_BAL_SD(1.0),06/02/24 23:00:00,Annual,Final consumption - industry sector - not elsewhere specified - energy use,Electricity,Thousand tonnes of oil equivalent,Belgium,2021,153.8,
ESTAT:NRG_BAL_SD(1.0),06/02/24 23:00:00,Annual,Final consumption - industry sector - not elsewhere specified - energy use,Electricity,Thousand tonnes of oil equivalent,Belgium,2022,142.7,
ESTAT:NRG_BAL_SD(1.0),06/02/24 23:00:00,Annual,Final consumption - industry sector - not elsewhere specified - energy use,Electricity,Thousand tonnes of oil equivalent,Bulgaria,2021,63.6,
ESTAT:NRG_BAL_SD(1.0),06/02/24 23:00:00,Annual,Final consumption - industry sector - not elsewhere specified - energy use,Electricity,Thousand tonnes of oil equivalent,Bulgaria,2022,65.8,
ESTAT:NRG_BAL_SD(1.0),06/02/24 23:00:00,Annual,"Final consumption - industry sector - paper, pulp and printing - energy use",Electricity,Thousand tonnes of oil equivalent,Belgium,2021,160.9,
ESTAT:NRG_BAL_SD(1.0),06/02/24 23:00:00,Annual,"Final consumption - industry sector - paper, pulp and printing - energy use",Electricity,Thousand tonnes of oil equivalent,Belgium,2022,163.8,
ESTAT:NRG_BAL_SD(1.0),06/02/24 23:00:00,Annual,"Final consumption - industry sector - paper, pulp and printing - energy use",Electricity,Thousand tonnes of oil equivalent,Bulgaria,2021,38.2,
ESTAT:NRG_BAL_SD(1.0),06/02/24 23:00:00,Annual,"Final consumption - industry sector - paper, pulp and printing - energy use",Electricity,Thousand tonnes of oil equivalent,Bulgaria,2022,36.3,
ESTAT:NRG_BAL_SD(1.0),06/02/24 23:00:00,Annual,Final consumption - industry sector - transport equipment - energy use,Electricity,Thousand tonnes of oil equivalent,Belgium,2021,64.5,
ESTAT:NRG_BAL_SD(1.0),06/02/24 23:00:00,Annual,Final consumption - industry sector - transport equipment - energy use,Electricity,Thousand tonnes of oil equivalent,Belgium,2022,52.1,
ESTAT:NRG_BAL_SD(1.0),06/02/24 23:00:00,Annual,Final consumption - industry sector - transport equipment - energy use,Electricity,Thousand tonnes of oil equivalent,Bulgaria,2021,11.6,
ESTAT:NRG_BAL_SD(1.0),06/02/24 23:00:00,Annual,Final consumption - industry sector - transport equipment - energy use,Electricity,Thousand tonnes of oil equivalent,Bulgaria,2022,10.9,
ESTAT:NRG_BAL_SD(1.0),06/02/24 23:00:00,Annual,Final consumption - industry sector - textile and leather - energy use,Electricity,Thousand tonnes of oil equivalent,Belgium,2021,80.8,
ESTAT:NRG_BAL_SD(1.0),06/02/24 23:00:00,Annual,Final consumption - industry sector - textile and leather - energy use,Electricity,Thousand tonnes of oil equivalent,Belgium,2022,69.9,
ESTAT:NRG_BAL_SD(1.0),06/02/24 23:00:00,Annual,Final consumption - industry sector - textile and leather - energy use,Electricity,Thousand tonnes of oil equivalent,Bulgaria,2021,25,
ESTAT:NRG_BAL_SD(1.0),06/02/24 23:00:00,Annual,Final consumption - industry sector - textile and leather - energy use,Electricity,Thousand tonnes of oil equivalent,Bulgaria,2022,25.1,
ESTAT:NRG_BAL_SD(1.0),06/02/24 23:00:00,Annual,Final consumption - industry sector - wood and wood products - energy use,Electricity,Thousand tonnes of oil equivalent,Belgium,2021,69,
ESTAT:NRG_BAL_SD(1.0),06/02/24 23:00:00,Annual,Final consumption - industry sector - wood and wood products - energy use,Electricity,Thousand tonnes of oil equivalent,Belgium,2022,49.2,
ESTAT:NRG_BAL_SD(1.0),06/02/24 23:00:00,Annual,Final consumption - industry sector - wood and wood products - energy use,Electricity,Thousand tonnes of oil equivalent,Bulgaria,2021,28.3,
ESTAT:NRG_BAL_SD(1.0),06/02/24 23:00:00,Annual,Final consumption - industry sector - wood and wood products - energy use,Electricity,Thousand tonnes of oil equivalent,Bulgaria,2022,24.7,
ESTAT:NRG_BAL_SD(1.0),06/02/24 23:00:00,Annual,Final consumption - other sectors - agriculture and forestry - energy use,Electricity,Thousand tonnes of oil equivalent,Belgium,2021,139.6,
ESTAT:NRG_BAL_SD(1.0),06/02/24 23:00:00,Annual,Final consumption - other sectors - agriculture and forestry - energy use,Electricity,Thousand tonnes of oil equivalent,Belgium,2022,93.8,
ESTAT:NRG_BAL_SD(1.0),06/02/24 23:00:00,Annual,Final consumption - other sectors - agriculture and forestry - energy use,Electricity,Thousand tonnes of oil equivalent,Bulgaria,2021,26.7,
ESTAT:NRG_BAL_SD(1.0),06/02/24 23:00:00,Annual,Final consumption - other sectors - agriculture and forestry - energy use,Electricity,Thousand tonnes of oil equivalent,Bulgaria,2022,23.4,
ESTAT:NRG_BAL_SD(1.0),06/02/24 23:00:00,Annual,Final consumption - other sectors - commercial and public services - energy use,Electricity,Thousand tonnes of oil equivalent,Belgium,2021,1752.1,
ESTAT:NRG_BAL_SD(1.0),06/02/24 23:00:00,Annual,Final consumption - other sectors - commercial and public services - energy use,Electricity,Thousand tonnes of oil equivalent,Belgium,2022,1702.9,
ESTAT:NRG_BAL_SD(1.0),06/02/24 23:00:00,Annual,Final consumption - other sectors - commercial and public services - energy use,Electricity,Thousand tonnes of oil equivalent,Bulgaria,2021,735.6,
ESTAT:NRG_BAL_SD(1.0),06/02/24 23:00:00,Annual,Final consumption - other sectors - commercial and public services - energy use,Electricity,Thousand tonnes of oil equivalent,Bulgaria,2022,723,
ESTAT:NRG_BAL_SD(1.0),06/02/24 23:00:00,Annual,Final consumption - other sectors - energy use,Electricity,Thousand tonnes of oil equivalent,Belgium,2021,3552.3,
ESTAT:NRG_BAL_SD(1.0),06/02/24 23:00:00,Annual,Final consumption - other sectors - energy use,Electricity,Thousand tonnes of oil equivalent,Belgium,2022,3196.1,
ESTAT:NRG_BAL_SD(1.0),06/02/24 23:00:00,Annual,Final consumption - other sectors - energy use,Electricity,Thousand tonnes of oil equivalent,Bulgaria,2021,1790.7,
ESTAT:NRG_BAL_SD(1.0),06/02/24 23:00:00,Annual,Final consumption - other sectors - energy use,Electricity,Thousand tonnes of oil equivalent,Bulgaria,2022,1776.2,
ESTAT:NRG_BAL_SD(1.0),06/02/24 23:00:00,Annual,Final consumption - other sectors - fishing - energy use,Electricity,Thousand tonnes of oil equivalent,Bulgaria,2021,0.7,
ESTAT:NRG_BAL_SD(1.0),06/02/24 23:00:00,Annual,Final consumption - other sectors - fishing - energy use,Electricity,Thousand tonnes of oil equivalent,Bulgaria,2022,0.5,
ESTAT:NRG_BAL_SD(1.0),06/02/24 23:00:00,Annual,Final consumption - other sectors - households - energy use,Electricity,Thousand tonnes of oil equivalent,Belgium,2021,1656.7,
ESTAT:NRG_BAL_SD(1.0),06/02/24 23:00:00,Annual,Final consumption - other sectors - households - energy use,Electricity,Thousand tonnes of oil equivalent,Belgium,2022,1395.2,
ESTAT:NRG_BAL_SD(1.0),06/02/24 23:00:00,Annual,Final consumption - other sectors - households - energy use,Electricity,Thousand tonnes of oil equivalent,Bulgaria,2021,1027.8,
ESTAT:NRG_BAL_SD(1.0),06/02/24 23:00:00,Annual,Final consumption - other sectors - households - energy use,Electricity,Thousand tonnes of oil equivalent,Bulgaria,2022,1029.2,
ESTAT:NRG_BAL_SD(1.0),06/02/24 23:00:00,Annual,Final consumption - other sectors - not elsewhere specified - energy use,Electricity,Thousand tonnes of oil equivalent,Belgium,2021,3.9,
ESTAT:NRG_BAL_SD(1.0),06/02/24 23:00:00,Annual,Final consumption - other sectors - not elsewhere specified - energy use,Electricity,Thousand tonnes of oil equivalent,Belgium,2022,4.2,
ESTAT:NRG_BAL_SD(1.0),06/02/24 23:00:00,Annual,Final consumption - transport sector - energy use,Electricity,Thousand tonnes of oil equivalent,Belgium,2021,156.1,
ESTAT:NRG_BAL_SD(1.0),06/02/24 23:00:00,Annual,Final consumption - transport sector - energy use,Electricity,Thousand tonnes of oil equivalent,Belgium,2022,183.4,
ESTAT:NRG_BAL_SD(1.0),06/02/24 23:00:00,Annual,Final consumption - transport sector - energy use,Electricity,Thousand tonnes of oil equivalent,Bulgaria,2021,38.7,
ESTAT:NRG_BAL_SD(1.0),06/02/24 23:00:00,Annual,Final consumption - transport sector - energy use,Electricity,Thousand tonnes of oil equivalent,Bulgaria,2022,39.1,
ESTAT:NRG_BAL_SD(1.0),06/02/24 23:00:00,Annual,Final consumption - transport sector - pipeline transport - energy use,Electricity,Thousand tonnes of oil equivalent,Belgium,2021,3.2,
ESTAT:NRG_BAL_SD(1.0),06/02/24 23:00:00,Annual,Final consumption - transport sector - pipeline transport - energy use,Electricity,Thousand tonnes of oil equivalent,Belgium,2022,14.8,
ESTAT:NRG_BAL_SD(1.0),06/02/24 23:00:00,Annual,Final consumption - transport sector - pipeline transport - energy use,Electricity,Thousand tonnes of oil equivalent,Bulgaria,2021,1,
ESTAT:NRG_BAL_SD(1.0),06/02/24 23:00:00,Annual,Final consumption - transport sector - pipeline transport - energy use,Electricity,Thousand tonnes of oil equivalent,Bulgaria,2022,1.1,
ESTAT:NRG_BAL_SD(1.0),06/02/24 23:00:00,Annual,Final consumption - transport sector - rail - energy use,Electricity,Thousand tonnes of oil equivalent,Belgium,2021,131,
ESTAT:NRG_BAL_SD(1.0),06/02/24 23:00:00,Annual,Final consumption - transport sector - rail - energy use,Electricity,Thousand tonnes of oil equivalent,Belgium,2022,127.6,
ESTAT:NRG_BAL_SD(1.0),06/02/24 23:00:00,Annual,Final consumption - transport sector - rail - energy use,Electricity,Thousand tonnes of oil equivalent,Bulgaria,2021,34.3,
ESTAT:NRG_BAL_SD(1.0),06/02/24 23:00:00,Annual,Final consumption - transport sector - rail - energy use,Electricity,Thousand tonnes of oil equivalent,Bulgaria,2022,34,
ESTAT:NRG_BAL_SD(1.0),06/02/24 23:00:00,Annual,Final consumption - transport sector - road - energy use,Electricity,Thousand tonnes of oil equivalent,Belgium,2021,21.9,
ESTAT:NRG_BAL_SD(1.0),06/02/24 23:00:00,Annual,Final consumption - transport sector - road - energy use,Electricity,Thousand tonnes of oil equivalent,Belgium,2022,41,
ESTAT:NRG_BAL_SD(1.0),06/02/24 23:00:00,Annual,Final consumption - transport sector - road - energy use,Electricity,Thousand tonnes of oil equivalent,Bulgaria,2021,3.4,
ESTAT:NRG_BAL_SD(1.0),06/02/24 23:00:00,Annual,Final consumption - transport sector - road - energy use,Electricity,Thousand tonnes of oil equivalent,Bulgaria,2022,3.9,
ESTAT:NRG_BAL_SD(1.0),06/02/24 23:00:00,Annual,From direct carry-over,Electricity,Thousand tonnes of oil equivalent,Belgium,2021,1200.7,
ESTAT:NRG_BAL_SD(1.0),06/02/24 23:00:00,Annual,From direct carry-over,Electricity,Thousand tonnes of oil equivalent,Belgium,2022,1246.1,
ESTAT:NRG_BAL_SD(1.0),06/02/24 23:00:00,Annual,From direct carry-over,Electricity,Thousand tonnes of oil equivalent,Bulgaria,2021,160.7,
ESTAT:NRG_BAL_SD(1.0),06/02/24 23:00:00,Annual,From direct carry-over,Electricity,Thousand tonnes of oil equivalent,Bulgaria,2022,192.9,
ESTAT:NRG_BAL_SD(1.0),06/02/24 23:00:00,Annual,Into direct carry-over,Electricity,Thousand tonnes of oil equivalent,Belgium,2021,1200.7,
ESTAT:NRG_BAL_SD(1.0),06/02/24 23:00:00,Annual,Into direct carry-over,Electricity,Thousand tonnes of oil equivalent,Belgium,2022,1246.1,
ESTAT:NRG_BAL_SD(1.0),06/02/24 23:00:00,Annual,Into direct carry-over,Electricity,Thousand tonnes of oil equivalent,Bulgaria,2021,160.7,
ESTAT:NRG_BAL_SD(1.0),06/02/24 23:00:00,Annual,Into direct carry-over,Electricity,Thousand tonnes of oil equivalent,Bulgaria,2022,192.9,
ESTAT:NRG_BAL_SD(1.0),06/02/24 23:00:00,Annual,Imports,Electricity,Thousand tonnes of oil equivalent,Belgium,2021,1306.4,
ESTAT:NRG_BAL_SD(1.0),06/02/24 23:00:00,Annual,Imports,Electricity,Thousand tonnes of oil equivalent,Belgium,2022,1405.8,
ESTAT:NRG_BAL_SD(1.0),06/02/24 23:00:00,Annual,Imports,Electricity,Thousand tonnes of oil equivalent,Bulgaria,2021,159.7,
ESTAT:NRG_BAL_SD(1.0),06/02/24 23:00:00,Annual,Imports,Electricity,Thousand tonnes of oil equivalent,Bulgaria,2022,126.4,
ESTAT:NRG_BAL_SD(1.0),06/02/24 23:00:00,Annual,Energy sector - brown coal briquettes and peat briquettes plants - energy use,Electricity,Thousand tonnes of oil equivalent,Bulgaria,2021,2,
ESTAT:NRG_BAL_SD(1.0),06/02/24 23:00:00,Annual,Energy sector - brown coal briquettes and peat briquettes plants - energy use,Electricity,Thousand tonnes of oil equivalent,Bulgaria,2022,1.5,
ESTAT:NRG_BAL_SD(1.0),06/02/24 23:00:00,Annual,Energy sector - coal mines - energy use,Electricity,Thousand tonnes of oil equivalent,Bulgaria,2021,37.1,
ESTAT:NRG_BAL_SD(1.0),06/02/24 23:00:00,Annual,Energy sector - coal mines - energy use,Electricity,Thousand tonnes of oil equivalent,Bulgaria,2022,40.7,
ESTAT:NRG_BAL_SD(1.0),06/02/24 23:00:00,Annual,Energy sector - energy use,Electricity,Thousand tonnes of oil equivalent,Belgium,2021,476.9,
ESTAT:NRG_BAL_SD(1.0),06/02/24 23:00:00,Annual,Energy sector - energy use,Electricity,Thousand tonnes of oil equivalent,Belgium,2022,449.6,
ESTAT:NRG_BAL_SD(1.0),06/02/24 23:00:00,Annual,Energy sector - energy use,Electricity,Thousand tonnes of oil equivalent,Bulgaria,2021,449.6,
ESTAT:NRG_BAL_SD(1.0),06/02/24 23:00:00,Annual,Energy sector - energy use,Electricity,Thousand tonnes of oil equivalent,Bulgaria,2022,502.8,
ESTAT:NRG_BAL_SD(1.0),06/02/24 23:00:00,Annual,Energy sector - electricity and heat generation - energy use,Electricity,Thousand tonnes of oil equivalent,Belgium,2021,330.2,
ESTAT:NRG_BAL_SD(1.0),06/02/24 23:00:00,Annual,Energy sector - electricity and heat generation - energy use,Electricity,Thousand tonnes of oil equivalent,Belgium,2022,314.4,
ESTAT:NRG_BAL_SD(1.0),06/02/24 23:00:00,Annual,Energy sector - electricity and heat generation - energy use,Electricity,Thousand tonnes of oil equivalent,Bulgaria,2021,353.4,
ESTAT:NRG_BAL_SD(1.0),06/02/24 23:00:00,Annual,Energy sector - electricity and heat generation - energy use,Electricity,Thousand tonnes of oil equivalent,Bulgaria,2022,390.3,
ESTAT:NRG_BAL_SD(1.0),06/02/24 23:00:00,Annual,Energy sector - liquefaction and regasification plants (LNG) - energy use,Electricity,Thousand tonnes of oil equivalent,Belgium,2021,5,
ESTAT:NRG_BAL_SD(1.0),06/02/24 23:00:00,Annual,Energy sector - liquefaction and regasification plants (LNG) - energy use,Electricity,Thousand tonnes of oil equivalent,Belgium,2022,9.1,
ESTAT:NRG_BAL_SD(1.0),06/02/24 23:00:00,Annual,Energy sector - not elsewhere specified - energy use,Electricity,Thousand tonnes of oil equivalent,Belgium,2021,5.5,
ESTAT:NRG_BAL_SD(1.0),06/02/24 23:00:00,Annual,Energy sector - not elsewhere specified - energy use,Electricity,Thousand tonnes of oil equivalent,Belgium,2022,2.4,
ESTAT:NRG_BAL_SD(1.0),06/02/24 23:00:00,Annual,Energy sector - not elsewhere specified - energy use,Electricity,Thousand tonnes of oil equivalent,Bulgaria,2021,9.4,
ESTAT:NRG_BAL_SD(1.0),06/02/24 23:00:00,Annual,Energy sector - not elsewhere specified - energy use,Electricity,Thousand tonnes of oil equivalent,Bulgaria,2022,8.7,
ESTAT:NRG_BAL_SD(1.0),06/02/24 23:00:00,Annual,Energy sector - oil and natural gas extraction plants - energy use,Electricity,Thousand tonnes of oil equivalent,Bulgaria,2021,0.4,
ESTAT:NRG_BAL_SD(1.0),06/02/24 23:00:00,Annual,Energy sector - oil and natural gas extraction plants - energy use,Electricity,Thousand tonnes of oil equivalent,Bulgaria,2022,0.4,
ESTAT:NRG_BAL_SD(1.0),06/02/24 23:00:00,Annual,Energy sector - petroleum refineries (oil refineries) - energy use,Electricity,Thousand tonnes of oil equivalent,Belgium,2021,136.3,
ESTAT:NRG_BAL_SD(1.0),06/02/24 23:00:00,Annual,Energy sector - petroleum refineries (oil refineries) - energy use,Electricity,Thousand tonnes of oil equivalent,Belgium,2022,123.7,
ESTAT:NRG_BAL_SD(1.0),06/02/24 23:00:00,Annual,Energy sector - petroleum refineries (oil refineries) - energy use,Electricity,Thousand tonnes of oil equivalent,Bulgaria,2021,47.3,
ESTAT:NRG_BAL_SD(1.0),06/02/24 23:00:00,Annual,Energy sector - petroleum refineries (oil refineries) - energy use,Electricity,Thousand tonnes of oil equivalent,Bulgaria,2022,61.3,
ESTAT:NRG_BAL_SD(1.0),06/02/24 23:00:00,Annual,Net transformation input,Electricity,Thousand tonnes of oil equivalent,Belgium,2021,105.8,
ESTAT:NRG_BAL_SD(1.0),06/02/24 23:00:00,Annual,Net transformation input,Electricity,Thousand tonnes of oil equivalent,Belgium,2022,159.8,
ESTAT:NRG_BAL_SD(1.0),06/02/24 23:00:00,Annual,Net transformation input,Electricity,Thousand tonnes of oil equivalent,Bulgaria,2021,32.4,
ESTAT:NRG_BAL_SD(1.0),06/02/24 23:00:00,Annual,Net transformation input,Electricity,Thousand tonnes of oil equivalent,Bulgaria,2022,4.3,
ESTAT:NRG_BAL_SD(1.0),06/02/24 23:00:00,Annual,Net transformation output,Electricity,Thousand tonnes of oil equivalent,Belgium,2021,8638.5,
ESTAT:NRG_BAL_SD(1.0),06/02/24 23:00:00,Annual,Net transformation output,Electricity,Thousand tonnes of oil equivalent,Belgium,2022,8249.7,
ESTAT:NRG_BAL_SD(1.0),06/02/24 23:00:00,Annual,Net transformation output,Electricity,Thousand tonnes of oil equivalent,Bulgaria,2021,4090.1,
ESTAT:NRG_BAL_SD(1.0),06/02/24 23:00:00,Annual,Net transformation output,Electricity,Thousand tonnes of oil equivalent,Bulgaria,2022,4342.2,
ESTAT:NRG_BAL_SD(1.0),06/02/24 23:00:00,Annual,Statistical differences - inflow,Electricity,Thousand tonnes of oil equivalent,Bulgaria,2021,33.4,
ESTAT:NRG_BAL_SD(1.0),06/02/24 23:00:00,Annual,Statistical differences - inflow,Electricity,Thousand tonnes of oil equivalent,Bulgaria,2022,70.7,
ESTAT:NRG_BAL_SD(1.0),06/02/24 23:00:00,Annual,Statistical differences - outflow,Electricity,Thousand tonnes of oil equivalent,Belgium,2021,72.5,
ESTAT:NRG_BAL_SD(1.0),06/02/24 23:00:00,Annual,Statistical differences - outflow,Electricity,Thousand tonnes of oil equivalent,Belgium,2022,121.8,
ESTAT:NRG_BAL_SD(1.0),06/02/24 23:00:00,Annual,Transformation input - energy use,Electricity,Thousand tonnes of oil equivalent,Belgium,2021,105.8,
ESTAT:NRG_BAL_SD(1.0),06/02/24 23:00:00,Annual,Transformation input - energy use,Electricity,Thousand tonnes of oil equivalent,Belgium,2022,159.8,
ESTAT:NRG_BAL_SD(1.0),06/02/24 23:00:00,Annual,Transformation input - energy use,Electricity,Thousand tonnes of oil equivalent,Bulgaria,2021,32.4,
ESTAT:NRG_BAL_SD(1.0),06/02/24 23:00:00,Annual,Transformation input - energy use,Electricity,Thousand tonnes of oil equivalent,Bulgaria,2022,4.3,
ESTAT:NRG_BAL_SD(1.0),06/02/24 23:00:00,Annual,Transformation input - electricity and heat generation - energy use,Electricity,Thousand tonnes of oil equivalent,Belgium,2021,105.8,
ESTAT:NRG_BAL_SD(1.0),06/02/24 23:00:00,Annual,Transformation input - electricity and heat generation - energy use,Electricity,Thousand tonnes of oil equivalent,Belgium,2022,159.8,
ESTAT:NRG_BAL_SD(1.0),06/02/24 23:00:00,Annual,Transformation input - electricity and heat generation - energy use,Electricity,Thousand tonnes of oil equivalent,Bulgaria,2021,32.4,
ESTAT:NRG_BAL_SD(1.0),06/02/24 23:00:00,Annual,Transformation input - electricity and heat generation - energy use,Electricity,Thousand tonnes of oil equivalent,Bulgaria,2022,4.3,
ESTAT:NRG_BAL_SD(1.0),06/02/24 23:00:00,Annual,Transformation input - electricity and heat generation - other,Electricity,Thousand tonnes of oil equivalent,Belgium,2021,105.8,
ESTAT:NRG_BAL_SD(1.0),06/02/24 23:00:00,Annual,Transformation input - electricity and heat generation - other,Electricity,Thousand tonnes of oil equivalent,Belgium,2022,157.4,
ESTAT:NRG_BAL_SD(1.0),06/02/24 23:00:00,Annual,Transformation input - electricity and heat generation - other,Electricity,Thousand tonnes of oil equivalent,Bulgaria,2021,32.4,
ESTAT:NRG_BAL_SD(1.0),06/02/24 23:00:00,Annual,Transformation input - electricity and heat generation - other,Electricity,Thousand tonnes of oil equivalent,Bulgaria,2022,4.3,
ESTAT:NRG_BAL_SD(1.0),06/02/24 23:00:00,Annual,Transformation output,Electricity,Thousand tonnes of oil equivalent,Belgium,2021,8638.5,
ESTAT:NRG_BAL_SD(1.0),06/02/24 23:00:00,Annual,Transformation output,Electricity,Thousand tonnes of oil equivalent,Belgium,2022,8249.7,
ESTAT:NRG_BAL_SD(1.0),06/02/24 23:00:00,Annual,Transformation output,Electricity,Thousand tonnes of oil equivalent,Bulgaria,2021,4090.1,
ESTAT:NRG_BAL_SD(1.0),06/02/24 23:00:00,Annual,Transformation output,Electricity,Thousand tonnes of oil equivalent,Bulgaria,2022,4342.2,
ESTAT:NRG_BAL_SD(1.0),06/02/24 23:00:00,Annual,Transformation output - electricity and heat generation,Electricity,Thousand tonnes of oil equivalent,Belgium,2021,8638.5,
ESTAT:NRG_BAL_SD(1.0),06/02/24 23:00:00,Annual,Transformation output - electricity and heat generation,Electricity,Thousand tonnes of oil equivalent,Belgium,2022,8249.7,
ESTAT:NRG_BAL_SD(1.0),06/02/24 23:00:00,Annual,Transformation output - electricity and heat generation,Electricity,Thousand tonnes of oil equivalent,Bulgaria,2021,4090.1,
ESTAT:NRG_BAL_SD(1.0),06/02/24 23:00:00,Annual,Transformation output - electricity and heat generation,Electricity,Thousand tonnes of oil equivalent,Bulgaria,2022,4342.2,
ESTAT:NRG_BAL_SD(1.0),06/02/24 23:00:00,Annual,Transformation output - electricity and heat generation - combined heat and power,Electricity,Thousand tonnes of oil equivalent,Belgium,2021,1347.8,
ESTAT:NRG_BAL_SD(1.0),06/02/24 23:00:00,Annual,Transformation output - electricity and heat generation - combined heat and power,Electricity,Thousand tonnes of oil equivalent,Belgium,2022,1300.3,
ESTAT:NRG_BAL_SD(1.0),06/02/24 23:00:00,Annual,Transformation output - electricity and heat generation - combined heat and power,Electricity,Thousand tonnes of oil equivalent,Bulgaria,2021,530.1,
ESTAT:NRG_BAL_SD(1.0),06/02/24 23:00:00,Annual,Transformation output - electricity and heat generation - combined heat and power,Electricity,Thousand tonnes of oil equivalent,Bulgaria,2022,472.3,
ESTAT:NRG_BAL_SD(1.0),06/02/24 23:00:00,Annual,Transformation output - electricity and heat generation - electricity only,Electricity,Thousand tonnes of oil equivalent,Belgium,2021,7167,
ESTAT:NRG_BAL_SD(1.0),06/02/24 23:00:00,Annual,Transformation output - electricity and heat generation - electricity only,Electricity,Thousand tonnes of oil equivalent,Belgium,2022,6795.3,
ESTAT:NRG_BAL_SD(1.0),06/02/24 23:00:00,Annual,Transformation output - electricity and heat generation - electricity only,Electricity,Thousand tonnes of oil equivalent,Bulgaria,2021,3535.7,
ESTAT:NRG_BAL_SD(1.0),06/02/24 23:00:00,Annual,Transformation output - electricity and heat generation - electricity only,Electricity,Thousand tonnes of oil equivalent,Bulgaria,2022,3864.9,
ESTAT:NRG_BAL_SD(1.0),06/02/24 23:00:00,Annual,Transformation output - electricity and heat generation - other generation,Electricity,Thousand tonnes of oil equivalent,Belgium,2021,123.7,
ESTAT:NRG_BAL_SD(1.0),06/02/24 23:00:00,Annual,Transformation output - electricity and heat generation - other generation,Electricity,Thousand tonnes of oil equivalent,Belgium,2022,154.2,
ESTAT:NRG_BAL_SD(1.0),06/02/24 23:00:00,Annual,Transformation output - electricity and heat generation - other generation,Electricity,Thousand tonnes of oil equivalent,Bulgaria,2021,24.4,
ESTAT:NRG_BAL_SD(1.0),06/02/24 23:00:00,Annual,Transformation output - electricity and heat generation - other generation,Electricity,Thousand tonnes of oil equivalent,Bulgaria,2022,5,
